﻿<?xml version="1.0" encoding="UTF-8"?><?xml-stylesheet type='text/xsl' href='_UpgradeReport_Files/UpgradeReport.xslt'?><UpgradeLog>
<Properties><Property Name="Solution" Value="Book_Store">
</Property><Property Name="Solution File" Value="\\Storage\QA\Projects\C#\BookStore.NET_17584lines\Book_Store.sln">
</Property><Property Name="User Options File" Value="\\Storage\QA\Projects\C#\BookStore.NET_17584lines\Book_Store.suo">
</Property><Property Name="Date" Value="Wednesday, July 20, 2011">
</Property><Property Name="Time" Value="10:43 AM">
</Property><Property Name="Log Number" Value="3">
</Property></Properties><Event ErrorLevel="0" Project="" Source="Book_Store.sln" Description="File successfully backed up as \\Storage\QA\Projects\C#\BookStore.NET_17584lines\Backup\Book_Store.sln">
</Event><Event ErrorLevel="0" Project="" Source="Book_Store.suo" Description="File successfully backed up as \\Storage\QA\Projects\C#\BookStore.NET_17584lines\Backup\Book_Store.suo">
</Event><Event ErrorLevel="0" Project="" Source="Book_Store.sln" Description="Solution converted successfully">
</Event><Event ErrorLevel="3" Project="" Source="Book_Store.sln" Description="Converted">
</Event></UpgradeLog>